{"1": null, "2": null, "3": null, "4": null, "5": null, "6": {"targetNum": 1, "type": 1, "angleDeg": -20.0, "xPosCm": 1.9733545036504079, "yPosCm": -0.7182423009839043, "zPosCm": 6.75, "widthCm": -1.0, "amplitude": 3.4343006930529034}, "7": null, "8": {"targetNum": 1, "type": 1, "angleDeg": -180.0, "xPosCm": -0.7000000000000001, "yPosCm": -8.572527594031473e-17, "zPosCm": 6.75, "widthCm": -1.0, "amplitude": 4.344769413058921}, "9": null, "10": null, "11": null, "12": null, "13": null, "14": {"targetNum": 1, "type": 1, "angleDeg": -160.0, "xPosCm": -1.9733545036504077, "yPosCm": -0.7182423009839046, "zPosCm": 6.75, "widthCm": -1.0, "amplitude": 6.619797128607442}, "15": null, "16": null}