{"1": null, "2": {"targetNum": 1, "type": 1, "angleDeg": -0.0, "xPosCm": 0.0, "yPosCm": -0.0, "zPosCm": 6.75, "widthCm": -1.0, "amplitude": 20.436627348025272}, "3": {"targetNum": 1, "type": 1, "angleDeg": -0.0, "xPosCm": 0.0, "yPosCm": -0.0, "zPosCm": 6.75, "widthCm": -1.0, "amplitude": 20.62209332610128}, "4": {"targetNum": 1, "type": 1, "angleDeg": -0.0, "xPosCm": 0.0, "yPosCm": -0.0, "zPosCm": 6.75, "widthCm": -1.0, "amplitude": 19.86982109870366}, "5": {"targetNum": 1, "type": 1, "angleDeg": -90.0, "xPosCm": 3.000384657911016e-16, "yPosCm": -4.9, "zPosCm": 6.75, "widthCm": -1.0, "amplitude": 21.442899908920843}, "6": {"targetNum": 1, "type": 1, "angleDeg": -100.0, "xPosCm": -0.8508760705679584, "yPosCm": -4.82555798975982, "zPosCm": 6.75, "widthCm": -1.0, "amplitude": 20.99264637574564}, "7": {"targetNum": 1, "type": 1, "angleDeg": -90.0, "xPosCm": 2.571758278209442e-16, "yPosCm": -4.2, "zPosCm": 6.75, "widthCm": -1.0, "amplitude": 45.35556958620792}, "8": {"targetNum": 1, "type": 1, "angleDeg": -90.0, "xPosCm": 1.7145055188062946e-16, "yPosCm": -2.8000000000000003, "zPosCm": 6.75, "widthCm": -1.0, "amplitude": 51.6991856214258}, "9": {"targetNum": 1, "type": 1, "angleDeg": -90.0, "xPosCm": 4.2862637970157366e-17, "yPosCm": -0.7000000000000001, "zPosCm": 6.75, "widthCm": -1.0, "amplitude": 46.02644179170658}, "10": {"targetNum": 1, "type": 1, "angleDeg": -270.0, "xPosCm": -1.2858791391047207e-16, "yPosCm": 0.7000000000000001, "zPosCm": 6.75, "widthCm": -1.0, "amplitude": 40.55752381444183}, "11": {"targetNum": 1, "type": 1, "angleDeg": -270.0, "xPosCm": -3.8576374173141627e-16, "yPosCm": 2.1, "zPosCm": 6.75, "widthCm": -1.0, "amplitude": 30.085594730752707}, "12": {"targetNum": 1, "type": 1, "angleDeg": -270.0, "xPosCm": -7.715274834628325e-16, "yPosCm": 4.2, "zPosCm": 6.75, "widthCm": -1.0, "amplitude": 21.976329494660288}, "13": {"targetNum": 1, "type": 1, "angleDeg": -270.0, "xPosCm": -9.001153973733046e-16, "yPosCm": 4.9, "zPosCm": 6.75, "widthCm": -1.0, "amplitude": 14.593341430506944}, "14": null, "15": {"targetNum": 1, "type": 1, "angleDeg": -160.0, "xPosCm": -0.6577848345501358, "yPosCm": -0.23941410032796823, "zPosCm": 6.75, "widthCm": -1.0, "amplitude": 8.514821443719859}, "16": {"targetNum": 1, "type": 1, "angleDeg": -160.0, "xPosCm": -0.6577848345501358, "yPosCm": -0.23941410032796823, "zPosCm": 6.75, "widthCm": -1.0, "amplitude": 7.051331489897383}}