{"1": null, "2": {"targetNum": 1, "type": 1, "angleDeg": -180.0, "xPosCm": -0.7000000000000001, "yPosCm": -8.572527594031473e-17, "zPosCm": 6.75, "widthCm": -1.0, "amplitude": 19.118174384771464}, "3": null, "4": null, "5": {"targetNum": 1, "type": 1, "angleDeg": -170.0, "xPosCm": -0.6893654271085456, "yPosCm": -0.12155372436685148, "zPosCm": 6.75, "widthCm": -1.0, "amplitude": 15.420981639182079}, "6": {"targetNum": 1, "type": 1, "angleDeg": -170.0, "xPosCm": -0.6893654271085456, "yPosCm": -0.12155372436685148, "zPosCm": 6.75, "widthCm": -1.0, "amplitude": 15.253635824219783}, "7": {"targetNum": 1, "type": 1, "angleDeg": -170.0, "xPosCm": -0.6893654271085456, "yPosCm": -0.12155372436685148, "zPosCm": 6.75, "widthCm": -1.0, "amplitude": 16.611663987856737}, "8": {"targetNum": 1, "type": 1, "angleDeg": -170.0, "xPosCm": -0.6893654271085456, "yPosCm": -0.12155372436685148, "zPosCm": 6.75, "widthCm": -1.0, "amplitude": 18.172245701517753}, "9": {"targetNum": 1, "type": 1, "angleDeg": -170.0, "xPosCm": -0.6893654271085456, "yPosCm": -0.12155372436685148, "zPosCm": 6.75, "widthCm": -1.0, "amplitude": 18.516992933610297}, "10": {"targetNum": 1, "type": 1, "angleDeg": -170.0, "xPosCm": -0.6893654271085456, "yPosCm": -0.12155372436685148, "zPosCm": 6.75, "widthCm": -1.0, "amplitude": 18.691557415694426}, "11": {"targetNum": 1, "type": 1, "angleDeg": -170.0, "xPosCm": -0.6893654271085456, "yPosCm": -0.12155372436685148, "zPosCm": 6.75, "widthCm": -1.0, "amplitude": 20.380097476982264}, "12": {"targetNum": 1, "type": 1, "angleDeg": -170.0, "xPosCm": -0.6893654271085456, "yPosCm": -0.12155372436685148, "zPosCm": 6.75, "widthCm": -1.0, "amplitude": 18.472845372258742}, "13": {"targetNum": 1, "type": 1, "angleDeg": -170.0, "xPosCm": -0.6893654271085456, "yPosCm": -0.12155372436685148, "zPosCm": 6.75, "widthCm": -1.0, "amplitude": 20.862546333934798}, "14": {"targetNum": 1, "type": 1, "angleDeg": -170.0, "xPosCm": -0.6893654271085456, "yPosCm": -0.12155372436685148, "zPosCm": 6.75, "widthCm": -1.0, "amplitude": 21.849527746607052}, "15": {"targetNum": 1, "type": 1, "angleDeg": -170.0, "xPosCm": -0.6893654271085456, "yPosCm": -0.12155372436685148, "zPosCm": 6.75, "widthCm": -1.0, "amplitude": 21.22615953856607}, "16": {"targetNum": 1, "type": 1, "angleDeg": -170.0, "xPosCm": -0.6893654271085456, "yPosCm": -0.12155372436685148, "zPosCm": 6.75, "widthCm": -1.0, "amplitude": 18.004884044471982}}