{"1": null, "2": {"targetNum": 1, "type": 1, "angleDeg": -160.0, "xPosCm": -1.3155696691002716, "yPosCm": -0.47882820065593645, "zPosCm": 6.75, "widthCm": -1.0, "amplitude": 14.28267972936843}, "3": {"targetNum": 1, "type": 1, "angleDeg": -160.0, "xPosCm": -1.3155696691002716, "yPosCm": -0.47882820065593645, "zPosCm": 6.75, "widthCm": -1.0, "amplitude": 17.938365026587487}, "4": {"targetNum": 1, "type": 1, "angleDeg": -160.0, "xPosCm": -1.3155696691002716, "yPosCm": -0.47882820065593645, "zPosCm": 6.75, "widthCm": -1.0, "amplitude": 19.672251389165492}, "5": {"targetNum": 1, "type": 1, "angleDeg": -170.0, "xPosCm": -0.6893654271085456, "yPosCm": -0.12155372436685148, "zPosCm": 6.75, "widthCm": -1.0, "amplitude": 12.265585829314965}, "6": {"targetNum": 1, "type": 1, "angleDeg": -180.0, "xPosCm": -0.7000000000000001, "yPosCm": -8.572527594031473e-17, "zPosCm": 6.75, "widthCm": -1.0, "amplitude": 13.566990566185508}, "7": {"targetNum": 1, "type": 1, "angleDeg": -180.0, "xPosCm": -0.7000000000000001, "yPosCm": -8.572527594031473e-17, "zPosCm": 6.75, "widthCm": -1.0, "amplitude": 17.830181249910698}, "8": {"targetNum": 1, "type": 1, "angleDeg": -160.0, "xPosCm": -1.3155696691002716, "yPosCm": -0.47882820065593645, "zPosCm": 6.75, "widthCm": -1.0, "amplitude": 15.771372282078746}, "9": {"targetNum": 1, "type": 1, "angleDeg": -160.0, "xPosCm": -1.3155696691002716, "yPosCm": -0.47882820065593645, "zPosCm": 6.75, "widthCm": -1.0, "amplitude": 13.27233181311291}, "10": {"targetNum": 1, "type": 1, "angleDeg": -160.0, "xPosCm": -1.3155696691002716, "yPosCm": -0.47882820065593645, "zPosCm": 6.75, "widthCm": -1.0, "amplitude": 17.104245130694466}, "11": {"targetNum": 1, "type": 1, "angleDeg": -170.0, "xPosCm": -0.6893654271085456, "yPosCm": -0.12155372436685148, "zPosCm": 6.75, "widthCm": -1.0, "amplitude": 12.328740689078629}, "12": {"targetNum": 1, "type": 1, "angleDeg": -160.0, "xPosCm": -1.3155696691002716, "yPosCm": -0.47882820065593645, "zPosCm": 6.75, "widthCm": -1.0, "amplitude": 13.549706847099326}, "13": {"targetNum": 1, "type": 1, "angleDeg": -160.0, "xPosCm": -1.3155696691002716, "yPosCm": -0.47882820065593645, "zPosCm": 6.75, "widthCm": -1.0, "amplitude": 11.556466899989458}, "14": {"targetNum": 1, "type": 1, "angleDeg": -160.0, "xPosCm": -1.3155696691002716, "yPosCm": -0.47882820065593645, "zPosCm": 6.75, "widthCm": -1.0, "amplitude": 16.002964448154263}, "15": {"targetNum": 1, "type": 1, "angleDeg": -160.0, "xPosCm": -1.3155696691002716, "yPosCm": -0.47882820065593645, "zPosCm": 6.75, "widthCm": -1.0, "amplitude": 14.254344736203597}, "16": {"targetNum": 1, "type": 1, "angleDeg": -160.0, "xPosCm": -1.3155696691002716, "yPosCm": -0.47882820065593645, "zPosCm": 6.75, "widthCm": -1.0, "amplitude": 16.05643344704718}, "17": {"targetNum": 1, "type": 1, "angleDeg": -160.0, "xPosCm": -1.3155696691002716, "yPosCm": -0.47882820065593645, "zPosCm": 6.75, "widthCm": -1.0, "amplitude": 11.860324357471546}}