{"1": null, "2": {"targetNum": 1, "type": 1, "angleDeg": -10.0, "xPosCm": 0.6893654271085456, "yPosCm": -0.12155372436685123, "zPosCm": 6.75, "widthCm": -1.0, "amplitude": 8.292992559201302}, "3": null, "4": {"targetNum": 1, "type": 1, "angleDeg": -10.0, "xPosCm": 1.3787308542170913, "yPosCm": -0.24310744873370246, "zPosCm": 6.75, "widthCm": -1.0, "amplitude": 7.270061626178187}, "5": null, "6": null, "7": {"targetNum": 1, "type": 1, "angleDeg": -0.0, "xPosCm": 0.0, "yPosCm": -0.0, "zPosCm": 6.75, "widthCm": -1.0, "amplitude": 9.013591002272063}, "8": {"targetNum": 1, "type": 1, "angleDeg": -0.0, "xPosCm": 0.0, "yPosCm": -0.0, "zPosCm": 6.75, "widthCm": -1.0, "amplitude": 8.044067643257128}, "9": null, "10": null, "11": null, "12": {"targetNum": 1, "type": 1, "angleDeg": -170.0, "xPosCm": -0.6893654271085456, "yPosCm": -0.12155372436685148, "zPosCm": 6.75, "widthCm": -1.0, "amplitude": 4.163889945335365}, "13": null, "14": {"targetNum": 1, "type": 1, "angleDeg": -170.0, "xPosCm": -0.6893654271085456, "yPosCm": -0.12155372436685148, "zPosCm": 6.75, "widthCm": -1.0, "amplitude": 15.612555806497388}, "15": {"targetNum": 1, "type": 1, "angleDeg": -170.0, "xPosCm": -0.6893654271085456, "yPosCm": -0.12155372436685148, "zPosCm": 6.75, "widthCm": -1.0, "amplitude": 14.245912103592033}, "16": {"targetNum": 1, "type": 1, "angleDeg": -170.0, "xPosCm": -0.6893654271085456, "yPosCm": -0.12155372436685148, "zPosCm": 6.75, "widthCm": -1.0, "amplitude": 13.488403473657234}}