{"1": null, "2": null, "3": null, "4": null, "5": null, "6": {"targetNum": 1, "type": 1, "angleDeg": -190.0, "xPosCm": -0.6893654271085456, "yPosCm": 0.12155372436685101, "zPosCm": 6.75, "widthCm": -1.0, "amplitude": 22.528408991420328}, "7": null, "8": {"targetNum": 1, "type": 1, "angleDeg": -150.00000000000003, "xPosCm": -1.8186533479473213, "yPosCm": -1.0499999999999998, "zPosCm": 6.75, "widthCm": -1.0, "amplitude": 49.81906007627322}, "9": {"targetNum": 1, "type": 1, "angleDeg": -209.99999999999997, "xPosCm": -0.0, "yPosCm": 0.0, "zPosCm": 6.75, "widthCm": -1.0, "amplitude": 44.88580448965179}, "10": {"targetNum": 1, "type": 1, "angleDeg": -249.99999999999997, "xPosCm": -0.2394141003279686, "yPosCm": 0.6577848345501357, "zPosCm": 6.75, "widthCm": -1.0, "amplitude": 29.372032475072555}, "11": {"targetNum": 1, "type": 1, "angleDeg": -260.0, "xPosCm": -0.3646611731005537, "yPosCm": 2.0680962813256367, "zPosCm": 6.75, "widthCm": -1.0, "amplitude": 16.075878103968392}, "12": null, "13": null, "14": {"targetNum": 1, "type": 1, "angleDeg": -160.0, "xPosCm": -1.3155696691002716, "yPosCm": -0.47882820065593645, "zPosCm": 6.75, "widthCm": -1.0, "amplitude": 11.234306104273992}, "15": {"targetNum": 1, "type": 1, "angleDeg": -180.0, "xPosCm": -0.7000000000000001, "yPosCm": -8.572527594031473e-17, "zPosCm": 6.75, "widthCm": -1.0, "amplitude": 11.397223133422733}, "16": {"targetNum": 1, "type": 1, "angleDeg": -180.0, "xPosCm": -0.7000000000000001, "yPosCm": -8.572527594031473e-17, "zPosCm": 6.75, "widthCm": -1.0, "amplitude": 13.443137525861731}}